{
  "weights": [
    0.82545598,
    0.55199671,
    0.06143399,
    0.01724386,
    0.27762577,
    -1.03856701,
    -0.40979934,
    -0.13677409,
    -0.26278511,
    -0.20481188,
    -0.16742706,
    -0.53485179,
    0.2494936,
    -0.35663863,
    -0.24533627,
    -0.1510211,
    0.02504345,
    0.19968608,
    -0.05650841,
    -0.00188648,
    -0.46697351,
    0.06375144,
    0.3230119,
    -0.30245109,
    0.13749367,
    -0.35988518,
    0.60360908,
    0.16612222,
    -0.29152853,
    0.40610045,
    0.01416224,
    0.2562777,
    -0.51754223,
    0.0975139,
    -0.011677,
    -0.02764101,
    0.12658586,
    -0.33677513,
    0.04402374,
    -0.11725255,
    0.17470744,
    -0.07148323,
    0.39660978,
    0.02625972,
    0.32452774,
    -0.64018043,
    -0.10065759,
    0.56977629,
    -0.00964093,
    0.26227367,
    0.44715843,
    -0.2106045,
    -0.51430656,
    0.46070145,
    0.64421457,
    -0.11542496,
    -0.3775432,
    -0.43865543,
    0.13044543,
    0.28516396,
    0.19011858,
    0.67528784,
    0.36820957,
    -0.22917208,
    -0.15573923
  ],
  "fitness": 4564.31750913333,
  "architecture": {
    "num_features": 6,
    "hidden_size": 8,
    "total_weights": 65
  },
  "metadata": {
    "export_timestamp": "2025-09-14T02:24:59",
    "model_type": "enhanced_neural_network"
  }
}